File Name,Percentage
1000_MER49.bed.sorted\t0.00%
1001_MER4A1_.bed.sorted\t0.00%
1002_MER4A1.bed.sorted\t0.00%
1003_MER4A.bed.sorted\t0.00%
1004_MER4B.bed.sorted\t0.00%
1005_MER4B-int.bed.sorted\t0.00%
1006_MER4C.bed.sorted\t0.00%
1007_MER4CL34.bed.sorted\t0.00%
1008_MER4D0.bed.sorted\t0.00%
1009_MER4D1.bed.sorted\t0.00%
100_AluSq.bed.sorted\t0.00%
1010_MER4D.bed.sorted\t0.00%
1011_MER4E1.bed.sorted\t0.00%
1012_MER4E.bed.sorted\t0.00%
1013_MER4-int.bed.sorted\t0.00%
1014_MER50B.bed.sorted\t0.00%
1015_MER50.bed.sorted\t0.00%
1016_MER50-int.bed.sorted\t0.00%
1017_MER51A.bed.sorted\t0.00%
1018_MER51B.bed.sorted\t0.00%
1019_MER51C.bed.sorted\t0.00%
101_AluSx1.bed.sorted\t0.00%
1020_MER51D.bed.sorted\t0.00%
1021_MER51E.bed.sorted\t0.00%
1022_MER51-int.bed.sorted\t0.00%
1023_MER52A.bed.sorted\t0.00%
1024_MER52C.bed.sorted\t0.00%
1025_MER52D.bed.sorted\t0.00%
1026_MER52-int.bed.sorted\t0.00%
1027_MER53.bed.sorted\t0.20%
1028_MER54A.bed.sorted\t0.00%
1029_MER54B.bed.sorted\t0.00%
102_AluSx3.bed.sorted\t0.00%
1030_MER57A1.bed.sorted\t0.00%
1031_MER57A-int.bed.sorted\t0.00%
1032_MER57B1.bed.sorted\t0.00%
1033_MER57B2.bed.sorted\t0.00%
1034_MER57C1.bed.sorted\t0.00%
1035_MER57C2.bed.sorted\t0.00%
1036_MER57D.bed.sorted\t0.00%
1037_MER57E1.bed.sorted\t0.00%
1038_MER57E3.bed.sorted\t0.00%
1039_MER57F.bed.sorted\t0.00%
103_AluSx4.bed.sorted\t0.00%
1040_MER57-int.bed.sorted\t0.00%
1041_MER58A.bed.sorted\t0.00%
1042_MER58B.bed.sorted\t0.00%
1043_MER58C.bed.sorted\t0.00%
1044_MER58D.bed.sorted\t0.00%
1045_MER5A1.bed.sorted\t0.02%
1046_MER5A.bed.sorted\t0.50%
1047_MER5B.bed.sorted\t0.01%
1048_MER5C1.bed.sorted\t0.00%
1049_MER5C.bed.sorted\t0.00%
104_AluSx.bed.sorted\t0.00%
1050_MER61A.bed.sorted\t0.00%
1051_MER61B.bed.sorted\t0.00%
1052_MER61C.bed.sorted\t0.00%
1053_MER61D.bed.sorted\t0.00%
1054_MER61E.bed.sorted\t0.00%
1055_MER61F.bed.sorted\t0.00%
1056_MER61-int.bed.sorted\t0.00%
1057_MER63A.bed.sorted\t0.00%
1058_MER63B.bed.sorted\t0.00%
1059_MER63C.bed.sorted\t0.91%
105_AluSz6.bed.sorted\t0.00%
1060_MER63D.bed.sorted\t0.00%
1061_MER65A.bed.sorted\t0.00%
1062_MER65B.bed.sorted\t0.00%
1063_MER65C.bed.sorted\t0.00%
1064_MER65D.bed.sorted\t0.00%
1065_MER65-int.bed.sorted\t0.00%
1066_MER66A.bed.sorted\t0.00%
1067_MER66B.bed.sorted\t0.00%
1068_MER66C.bed.sorted\t0.00%
1069_MER66D.bed.sorted\t0.00%
106_AluSz.bed.sorted\t0.00%
1070_MER66-int.bed.sorted\t0.00%
1071_MER67A.bed.sorted\t0.00%
1072_MER67B.bed.sorted\t0.00%
1073_MER67C.bed.sorted\t0.00%
1074_MER67D.bed.sorted\t0.00%
1075_MER68B.bed.sorted\t0.00%
1076_MER68.bed.sorted\t0.00%
1077_MER68C.bed.sorted\t0.00%
1078_MER68-int.bed.sorted\t0.00%
1079_MER6A.bed.sorted\t0.00%
107_AluYa5.bed.sorted\t0.00%
1080_MER6B.bed.sorted\t0.00%
1081_MER6.bed.sorted\t0.00%
1082_MER6C.bed.sorted\t0.00%
1083_MER70A.bed.sorted\t0.00%
1084_MER70B.bed.sorted\t0.00%
1085_MER70C.bed.sorted\t0.00%
1086_MER70-int.bed.sorted\t0.00%
1087_MER72B.bed.sorted\t0.00%
1088_MER72.bed.sorted\t0.00%
1089_MER73.bed.sorted\t0.00%
108_AluYa8.bed.sorted\t0.00%
1090_MER74A.bed.sorted\t0.00%
1091_MER74B.bed.sorted\t0.00%
1092_MER74C.bed.sorted\t0.00%
1093_MER75B.bed.sorted\t0.00%
1094_MER75.bed.sorted\t0.00%
1095_MER76.bed.sorted\t0.00%
1096_MER76-int.bed.sorted\t0.00%
1097_MER77B.bed.sorted\t0.00%
1098_MER77.bed.sorted\t0.00%
1099_MER81.bed.sorted\t0.00%
109_AluYb8.bed.sorted\t0.00%
1100_MER83A-int.bed.sorted\t0.00%
1101_MER83B.bed.sorted\t0.00%
1102_MER83.bed.sorted\t0.00%
1103_MER83B-int.bed.sorted\t0.00%
1104_MER83C.bed.sorted\t0.00%
1105_MER84.bed.sorted\t0.00%
1106_MER84-int.bed.sorted\t0.00%
1107_MER85.bed.sorted\t0.00%
1108_MER87B.bed.sorted\t0.00%
1109_MER87.bed.sorted\t0.00%
110_AluYb9.bed.sorted\t0.00%
1110_MER88.bed.sorted\t0.00%
1111_MER89.bed.sorted\t0.00%
1112_MER89-int.bed.sorted\t0.00%
1113_MER8.bed.sorted\t0.00%
1114_MER90a.bed.sorted\t0.00%
1115_MER90.bed.sorted\t0.00%
1116_MER91A.bed.sorted\t0.00%
1117_MER91B.bed.sorted\t0.00%
1118_MER91C.bed.sorted\t0.00%
1119_MER92A.bed.sorted\t0.00%
111_AluY.bed.sorted\t0.00%
1120_MER92B.bed.sorted\t0.00%
1121_MER92C.bed.sorted\t0.00%
1122_MER92D.bed.sorted\t0.00%
1123_MER92-int.bed.sorted\t0.00%
1124_MER94B.bed.sorted\t0.00%
1125_MER94.bed.sorted\t0.00%
1126_MER95.bed.sorted\t0.00%
1127_MER96B.bed.sorted\t0.27%
1128_MER96.bed.sorted\t0.18%
1129_MER97a.bed.sorted\t0.00%
112_AluYc3.bed.sorted\t0.00%
1130_MER97b.bed.sorted\t0.00%
1131_MER97c.bed.sorted\t0.00%
1132_MER97d.bed.sorted\t0.00%
1133_MER99.bed.sorted\t0.00%
1134_MER9a1.bed.sorted\t0.00%
1135_MER9a2.bed.sorted\t0.00%
1136_MER9a3.bed.sorted\t0.00%
1137_MERX.bed.sorted\t0.00%
1138_MIR1_Amn.bed.sorted\t0.00%
1139_MIR3.bed.sorted\t0.00%
113_AluYc.bed.sorted\t0.00%
1140_MIRb.bed.sorted\t0.00%
1141_MIR.bed.sorted\t0.00%
1142_MIRc.bed.sorted\t0.00%
1143_MLT1A0.bed.sorted\t0.00%
1144_MLT1A0-int.bed.sorted\t0.00%
1145_MLT1A1.bed.sorted\t0.00%
1146_MLT1A1-int.bed.sorted\t0.00%
1147_MLT1A.bed.sorted\t0.00%
1148_MLT1A-int.bed.sorted\t0.00%
1149_MLT1B.bed.sorted\t0.00%
114_AluYd8.bed.sorted\t0.00%
1150_MLT1B-int.bed.sorted\t0.00%
1151_MLT1C.bed.sorted\t0.00%
1152_MLT1C-int.bed.sorted\t0.00%
1153_MLT1D.bed.sorted\t0.00%
1154_MLT1D-int.bed.sorted\t0.00%
1155_MLT1E1A.bed.sorted\t0.00%
1156_MLT1E1.bed.sorted\t0.00%
1157_MLT1E2.bed.sorted\t0.00%
1158_MLT1E2-int.bed.sorted\t0.00%
1159_MLT1E3.bed.sorted\t0.00%
115_AluYe5.bed.sorted\t0.00%
1160_MLT1E.bed.sorted\t0.00%
1161_MLT1F1.bed.sorted\t0.00%
1162_MLT1F1-int.bed.sorted\t0.00%
1163_MLT1F2.bed.sorted\t0.00%
1164_MLT1F2-int.bed.sorted\t0.00%
1165_MLT1F.bed.sorted\t0.00%
1166_MLT1F-int.bed.sorted\t0.00%
1167_MLT1G1.bed.sorted\t0.00%
1168_MLT1G1-int.bed.sorted\t0.00%
1169_MLT1G3.bed.sorted\t0.00%
116_AluYe6.bed.sorted\t0.00%
1170_MLT1G3-int.bed.sorted\t0.00%
1171_MLT1G.bed.sorted\t0.00%
1172_MLT1G-int.bed.sorted\t0.00%
1173_MLT1H1.bed.sorted\t0.00%
1174_MLT1H1-int.bed.sorted\t0.00%
1175_MLT1H2.bed.sorted\t0.00%
1176_MLT1H2-int.bed.sorted\t0.00%
1177_MLT1H.bed.sorted\t0.00%
1178_MLT1H-int.bed.sorted\t0.00%
1179_MLT1I.bed.sorted\t0.00%
117_AluYf1.bed.sorted\t0.00%
1180_MLT1I-int.bed.sorted\t0.00%
1181_MLT1-int.bed.sorted\t0.00%
1182_MLT1J1.bed.sorted\t0.00%
1183_MLT1J1-int.bed.sorted\t0.00%
1184_MLT1J2.bed.sorted\t0.00%
1185_MLT1J2-int.bed.sorted\t0.00%
1186_MLT1J.bed.sorted\t0.00%
1187_MLT1J-int.bed.sorted\t0.00%
1188_MLT1K.bed.sorted\t0.00%
1189_MLT1K-int.bed.sorted\t0.00%
118_AluYg6.bed.sorted\t0.00%
1190_MLT1L.bed.sorted\t0.00%
1191_MLT1M.bed.sorted\t0.00%
1192_MLT1N2.bed.sorted\t0.00%
1193_MLT1O.bed.sorted\t0.00%
1194_MLT2A1.bed.sorted\t0.00%
1195_MLT2A2.bed.sorted\t0.00%
1196_MLT2B1.bed.sorted\t0.00%
1197_MLT2B2.bed.sorted\t0.00%
1198_MLT2B3.bed.sorted\t0.00%
1199_MLT2B4.bed.sorted\t0.04%
119_AluYh3a3.bed.sorted\t0.00%
1200_MLT2B5.bed.sorted\t0.00%
1201_MLT2C1.bed.sorted\t0.00%
1202_MLT2C2.bed.sorted\t0.00%
1203_MLT2D.bed.sorted\t0.00%
1204_MLT2E.bed.sorted\t0.00%
1205_MLT2F.bed.sorted\t0.00%
1206_MLT-int.bed.sorted\t0.00%
1208_MSTA1.bed.sorted\t0.00%
1209_MSTA.bed.sorted\t0.00%
120_AluYh3.bed.sorted\t0.00%
1210_MSTA-int.bed.sorted\t0.00%
1211_MSTB1.bed.sorted\t0.00%
1212_MSTB1-int.bed.sorted\t0.00%
1213_MSTB2.bed.sorted\t0.00%
1214_MSTB.bed.sorted\t0.00%
1215_MSTB-int.bed.sorted\t0.00%
1216_MSTC.bed.sorted\t0.00%
1217_MSTC-int.bed.sorted\t0.00%
1218_MSTD.bed.sorted\t0.00%
1219_MSTD-int.bed.sorted\t0.00%
121_AluYh7.bed.sorted\t0.00%
1220_MST-int.bed.sorted\t0.00%
1221_OldhAT1.bed.sorted\t0.00%
1222_ORSL-2a.bed.sorted\t0.00%
1223_ORSL-2b.bed.sorted\t0.00%
1224_ORSL.bed.sorted\t0.00%
1225_PABL_A.bed.sorted\t0.00%
1226_PABL_A-int.bed.sorted\t0.00%
1227_PABL_B.bed.sorted\t0.00%
1228_PABL_B-int.bed.sorted\t0.00%
1229_Penelope1_Vert.bed.sorted\t0.00%
122_AluYh9.bed.sorted\t0.00%
1230_Plat_L3.bed.sorted\t0.00%
1232_PRIMA41-int.bed.sorted\t0.00%
1233_PRIMA4-int.bed.sorted\t0.00%
1234_PRIMA4_LTR.bed.sorted\t0.00%
1235_PrimLTR79.bed.sorted\t0.00%
1237_Ricksha_0.bed.sorted\t0.25%
1238_Ricksha_b.bed.sorted\t0.85%
1239_Ricksha.bed.sorted\t0.00%
123_AluYi6_4d.bed.sorted\t0.00%
1240_Ricksha_c.bed.sorted\t0.41%
1244_SVA_A.bed.sorted\t0.00%
1245_SVA_B.bed.sorted\t0.00%
1246_SVA_C.bed.sorted\t0.00%
1247_SVA_D.bed.sorted\t1.05%
1248_SVA_E.bed.sorted\t0.57%
1249_SVA_F.bed.sorted\t3.98%
124_AluYi6.bed.sorted\t0.00%
125_AluYj4.bed.sorted\t0.00%
126_AluYk11.bed.sorted\t0.00%
127_AluYk12.bed.sorted\t0.00%
128_AluYk2.bed.sorted\t0.00%
129_AluYk3.bed.sorted\t0.00%
130_AluYk4.bed.sorted\t0.00%
131_AluYm1.bed.sorted\t0.00%
132_AmnSINE1.bed.sorted\t0.00%
133_AmnSINE2.bed.sorted\t0.00%
1360_THE1A.bed.sorted\t0.00%
1361_THE1A-int.bed.sorted\t0.00%
1362_THE1B.bed.sorted\t0.00%
1363_THE1B-int.bed.sorted\t0.00%
1364_THE1C.bed.sorted\t0.00%
1365_THE1C-int.bed.sorted\t0.00%
1366_THE1D.bed.sorted\t0.00%
1367_THE1D-int.bed.sorted\t0.00%
1368_THE1-int.bed.sorted\t0.00%
1369_Tigger10.bed.sorted\t0.00%
136_Arthur1A.bed.sorted\t0.00%
1370_Tigger11a.bed.sorted\t0.00%
1371_Tigger12A.bed.sorted\t0.00%
1372_Tigger12.bed.sorted\t0.00%
1373_Tigger12c.bed.sorted\t0.00%
1374_Tigger13a.bed.sorted\t0.00%
1375_Tigger14a.bed.sorted\t0.00%
1376_Tigger15a.bed.sorted\t0.00%
1377_Tigger16a.bed.sorted\t0.00%
1378_Tigger16b.bed.sorted\t0.00%
1379_Tigger17a.bed.sorted\t0.00%
137_Arthur1B.bed.sorted\t0.00%
1380_Tigger17b.bed.sorted\t0.00%
1381_Tigger17.bed.sorted\t0.00%
1382_Tigger17c.bed.sorted\t0.00%
1383_Tigger18a.bed.sorted\t0.00%
1384_Tigger19a.bed.sorted\t0.00%
1385_Tigger19b.bed.sorted\t0.00%
1386_Tigger1a_Art.bed.sorted\t0.00%
1387_Tigger1.bed.sorted\t0.00%
1388_Tigger20a.bed.sorted\t0.00%
1389_Tigger2a.bed.sorted\t0.00%
138_Arthur1.bed.sorted\t0.00%
1390_Tigger2.bed.sorted\t0.00%
1391_Tigger2b_Pri.bed.sorted\t0.00%
1392_Tigger3a.bed.sorted\t0.00%
1393_Tigger3b.bed.sorted\t0.00%
1394_Tigger3.bed.sorted\t0.00%
1395_Tigger3c.bed.sorted\t0.00%
1396_Tigger3d.bed.sorted\t0.00%
1397_Tigger4a.bed.sorted\t0.96%
1398_Tigger4b.bed.sorted\t0.00%
1399_Tigger4.bed.sorted\t0.00%
139_Arthur1C.bed.sorted\t0.00%
1400_Tigger5b.bed.sorted\t0.00%
1401_Tigger5.bed.sorted\t0.00%
1402_Tigger6a.bed.sorted\t0.00%
1403_Tigger6b.bed.sorted\t0.00%
1404_Tigger7.bed.sorted\t0.00%
1405_Tigger8.bed.sorted\t0.00%
1406_Tigger9a.bed.sorted\t0.00%
1407_Tigger9b.bed.sorted\t0.00%
1510_UCON107.bed.sorted\t0.00%
1513_UCON26.bed.sorted\t0.00%
1514_UCON27.bed.sorted\t0.00%
1515_UCON28a.bed.sorted\t0.00%
1516_UCON29.bed.sorted\t0.00%
1517_UCON2.bed.sorted\t0.00%
1518_UCON31.bed.sorted\t0.00%
1520_UCON34.bed.sorted\t0.00%
1522_UCON39.bed.sorted\t0.00%
1524_UCON4.bed.sorted\t0.00%
1525_UCON55.bed.sorted\t0.00%
1526_UCON5.bed.sorted\t0.00%
1528_UCON74.bed.sorted\t0.00%
1530_UCON7.bed.sorted\t0.84%
1534_X2_LINE.bed.sorted\t0.00%
1535_X6A_LINE.bed.sorted\t0.00%
1536_X6B_LINE.bed.sorted\t0.00%
1537_X7A_LINE.bed.sorted\t0.00%
1538_X7B_LINE.bed.sorted\t0.00%
1539_X7C_LINE.bed.sorted\t0.00%
1540_X8_LINE.bed.sorted\t0.00%
1541_X9_LINE.bed.sorted\t0.00%
1542_Zaphod2.bed.sorted\t0.00%
1543_Zaphod3.bed.sorted\t0.00%
1544_Zaphod.bed.sorted\t0.00%
209_BLACKJACK.bed.sorted\t0.00%
284_Chap1_Mam.bed.sorted\t0.00%
285_Charlie10a.bed.sorted\t0.00%
286_Charlie10b.bed.sorted\t0.00%
287_Charlie10.bed.sorted\t0.00%
288_Charlie11.bed.sorted\t0.00%
289_Charlie13a.bed.sorted\t0.00%
290_Charlie13b.bed.sorted\t0.00%
291_Charlie14a.bed.sorted\t0.00%
292_Charlie15a.bed.sorted\t0.00%
293_Charlie15b.bed.sorted\t0.00%
294_Charlie16a.bed.sorted\t0.00%
295_Charlie17a.bed.sorted\t0.00%
296_Charlie17b.bed.sorted\t0.00%
297_Charlie17.bed.sorted\t0.00%
298_Charlie18a.bed.sorted\t0.00%
299_Charlie19a.bed.sorted\t0.00%
300_Charlie1a.bed.sorted\t0.00%
301_Charlie1b.bed.sorted\t0.00%
302_Charlie1.bed.sorted\t0.00%
303_Charlie20a.bed.sorted\t0.00%
304_Charlie21a.bed.sorted\t0.00%
305_Charlie22a.bed.sorted\t0.00%
306_Charlie23a.bed.sorted\t0.00%
307_Charlie24.bed.sorted\t0.00%
308_Charlie25.bed.sorted\t0.00%
309_Charlie26a.bed.sorted\t0.00%
310_Charlie29a.bed.sorted\t0.00%
311_Charlie2a.bed.sorted\t0.00%
312_Charlie2b.bed.sorted\t0.00%
313_Charlie30a.bed.sorted\t0.00%
314_Charlie3.bed.sorted\t0.00%
315_Charlie4a.bed.sorted\t0.00%
316_Charlie4.bed.sorted\t0.00%
317_Charlie4z.bed.sorted\t0.00%
318_Charlie5.bed.sorted\t0.00%
319_Charlie6.bed.sorted\t0.00%
320_Charlie7a.bed.sorted\t0.00%
321_Charlie7.bed.sorted\t0.00%
322_Charlie8.bed.sorted\t0.00%
323_Charlie9.bed.sorted\t0.00%
324_Cheshire.bed.sorted\t0.00%
326_CR1-12_AMi.bed.sorted\t0.00%
327_CR1-13_AMi.bed.sorted\t0.00%
328_CR1-16_AMi.bed.sorted\t0.00%
329_CR1-3_Croc.bed.sorted\t0.00%
330_CR1-L3A_Croc.bed.sorted\t0.00%
331_CR1_Mam.bed.sorted\t0.00%
366_DNA1_Mam.bed.sorted\t0.00%
367_ERV24B_Prim-int.bed.sorted\t0.00%
368_ERV24_Prim-int.bed.sorted\t0.00%
369_ERV3-16A3_I-int.bed.sorted\t0.00%
370_ERV3-16A3_LTR.bed.sorted\t0.00%
371_ERVL47-int.bed.sorted\t0.00%
372_ERVL-B4-int.bed.sorted\t0.00%
373_ERVL-E-int.bed.sorted\t0.00%
374_ERVL-int.bed.sorted\t0.00%
375_Eulor5A.bed.sorted\t0.00%
376_Eulor8.bed.sorted\t3.68%
377_Eulor9A.bed.sorted\t0.00%
378_Eulor9C.bed.sorted\t1.00%
379_FAM.bed.sorted\t0.00%
380_FLAM_A.bed.sorted\t0.00%
381_FLAM_C.bed.sorted\t0.00%
382_FordPrefect_a.bed.sorted\t0.00%
383_FordPrefect.bed.sorted\t0.00%
384_FRAM.bed.sorted\t0.00%
456_HAL1b.bed.sorted\t0.00%
457_HAL1.bed.sorted\t0.00%
458_HAL1M8.bed.sorted\t0.00%
459_HAL1ME.bed.sorted\t0.00%
460_Harlequin-int.bed.sorted\t0.00%
461_hAT-N1_Mam.bed.sorted\t0.00%
462_Helitron1Na_Mam.bed.sorted\t0.00%
463_Helitron1Nb_Mam.bed.sorted\t0.00%
464_Helitron2Na_Mam.bed.sorted\t0.00%
465_Helitron3Na_Mam.bed.sorted\t0.00%
466_HERV15-int.bed.sorted\t0.00%
467_HERV16-int.bed.sorted\t0.00%
468_HERV17-int.bed.sorted\t0.00%
469_HERV35I-int.bed.sorted\t0.00%
470_HERV3-int.bed.sorted\t0.00%
471_HERV4_I-int.bed.sorted\t0.00%
472_HERV9-int.bed.sorted\t0.00%
473_HERV9NC-int.bed.sorted\t0.00%
474_HERV9N-int.bed.sorted\t0.00%
475_HERVE_a-int.bed.sorted\t0.00%
476_HERVE-int.bed.sorted\t0.00%
477_HERVFH19-int.bed.sorted\t0.00%
478_HERVFH21-int.bed.sorted\t0.00%
479_HERVH48-int.bed.sorted\t0.00%
480_HERVH-int.bed.sorted\t0.00%
481_HERVIP10B3-int.bed.sorted\t0.00%
482_HERVIP10FH-int.bed.sorted\t0.00%
483_HERVIP10F-int.bed.sorted\t0.00%
484_HERVK11-int.bed.sorted\t0.00%
485_HERVK14-int.bed.sorted\t0.00%
486_HERVK22-int.bed.sorted\t0.00%
487_HERVK3-int.bed.sorted\t0.00%
488_HERVK9-int.bed.sorted\t0.00%
489_HERVK-int.bed.sorted\t0.00%
490_HERVL18-int.bed.sorted\t0.00%
491_HERVL32-int.bed.sorted\t0.00%
492_HERVL40-int.bed.sorted\t0.00%
493_HERVL66-int.bed.sorted\t0.00%
494_HERVL74-int.bed.sorted\t0.00%
495_HERVL-int.bed.sorted\t0.00%
496_HERVP71A-int.bed.sorted\t0.00%
497_HERVS71-int.bed.sorted\t0.00%
500_HSMAR1.bed.sorted\t0.00%
501_HSMAR2.bed.sorted\t0.00%
502_HUERS-P1-int.bed.sorted\t0.00%
503_HUERS-P2-int.bed.sorted\t0.00%
504_HUERS-P3b-int.bed.sorted\t0.00%
505_HUERS-P3-int.bed.sorted\t0.00%
509_Kanga11a.bed.sorted\t0.00%
510_Kanga1a.bed.sorted\t0.00%
511_Kanga1b.bed.sorted\t0.00%
512_Kanga1.bed.sorted\t0.00%
513_Kanga1c.bed.sorted\t0.00%
514_Kanga1d.bed.sorted\t0.00%
515_Kanga2_a.bed.sorted\t0.00%
516_L1HS.bed.sorted\t0.00%
517_L1M1.bed.sorted\t0.00%
518_L1M2a1.bed.sorted\t0.00%
519_L1M2a.bed.sorted\t0.00%
520_L1M2b.bed.sorted\t0.00%
521_L1M2.bed.sorted\t0.00%
522_L1M2c.bed.sorted\t0.00%
523_L1M3a.bed.sorted\t0.00%
524_L1M3b.bed.sorted\t0.00%
525_L1M3.bed.sorted\t0.00%
526_L1M3c.bed.sorted\t0.00%
527_L1M3d.bed.sorted\t0.00%
528_L1M3de.bed.sorted\t0.00%
529_L1M3e.bed.sorted\t0.00%
530_L1M3f.bed.sorted\t0.00%
531_L1M4a1.bed.sorted\t0.00%
532_L1M4a2.bed.sorted\t0.00%
533_L1M4b.bed.sorted\t0.00%
534_L1M4.bed.sorted\t0.00%
535_L1M4c.bed.sorted\t0.00%
536_L1M5.bed.sorted\t0.00%
537_L1M6B.bed.sorted\t0.00%
538_L1M6.bed.sorted\t0.00%
539_L1M7.bed.sorted\t0.00%
540_L1M8.bed.sorted\t0.00%
541_L1MA10.bed.sorted\t0.00%
542_L1MA1.bed.sorted\t0.00%
543_L1MA2.bed.sorted\t0.00%
544_L1MA3.bed.sorted\t0.00%
545_L1MA4A.bed.sorted\t0.00%
546_L1MA4.bed.sorted\t0.00%
547_L1MA5A.bed.sorted\t0.00%
548_L1MA5.bed.sorted\t0.00%
549_L1MA6.bed.sorted\t0.00%
550_L1MA7.bed.sorted\t0.00%
551_L1MA8.bed.sorted\t0.00%
552_L1MA9.bed.sorted\t0.00%
553_L1MB1.bed.sorted\t0.00%
554_L1MB2.bed.sorted\t0.00%
555_L1MB3.bed.sorted\t0.00%
556_L1MB4.bed.sorted\t0.00%
557_L1MB5.bed.sorted\t0.00%
558_L1MB7.bed.sorted\t0.00%
559_L1MB8.bed.sorted\t0.00%
560_L1M.bed.sorted\t0.00%
561_L1MC1.bed.sorted\t0.00%
562_L1MC2.bed.sorted\t0.00%
563_L1MC3.bed.sorted\t0.00%
564_L1MC4a.bed.sorted\t0.00%
565_L1MC4.bed.sorted\t0.00%
566_L1MC5a.bed.sorted\t0.00%
567_L1MC5.bed.sorted\t0.00%
568_L1MCa.bed.sorted\t0.01%
569_L1MCb.bed.sorted\t0.00%
570_L1MC.bed.sorted\t0.00%
571_L1MCc.bed.sorted\t0.00%
572_L1MD1.bed.sorted\t0.00%
573_L1MD2.bed.sorted\t0.00%
574_L1MD3.bed.sorted\t0.00%
575_L1MDa.bed.sorted\t0.00%
576_L1MDb.bed.sorted\t0.00%
577_L1MD.bed.sorted\t0.00%
578_L1ME1.bed.sorted\t0.00%
579_L1ME2.bed.sorted\t0.00%
580_L1ME2z.bed.sorted\t0.00%
581_L1ME3A.bed.sorted\t0.00%
582_L1ME3B.bed.sorted\t0.00%
583_L1ME3.bed.sorted\t0.00%
584_L1ME3C.bed.sorted\t0.00%
585_L1ME3Cz.bed.sorted\t0.00%
586_L1ME3D.bed.sorted\t0.00%
587_L1ME3E.bed.sorted\t0.00%
588_L1ME3F.bed.sorted\t0.00%
589_L1ME3G.bed.sorted\t0.00%
590_L1ME4a.bed.sorted\t0.00%
591_L1ME4b.bed.sorted\t0.00%
592_L1ME4c.bed.sorted\t0.00%
593_L1ME5.bed.sorted\t0.00%
594_L1MEa.bed.sorted\t0.00%
595_L1MEb.bed.sorted\t0.00%
596_L1MEc.bed.sorted\t0.00%
597_L1MEd.bed.sorted\t0.00%
598_L1MEf.bed.sorted\t0.00%
599_L1MEg1.bed.sorted\t0.00%
600_L1MEg2.bed.sorted\t0.00%
601_L1MEg.bed.sorted\t0.00%
602_L1MEh.bed.sorted\t0.00%
603_L1MEi.bed.sorted\t0.00%
604_L1MEj.bed.sorted\t0.00%
605_L1P1.bed.sorted\t0.00%
606_L1P2.bed.sorted\t0.00%
607_L1P3.bed.sorted\t0.03%
608_L1P4a.bed.sorted\t0.00%
609_L1P4b.bed.sorted\t0.00%
610_L1P4.bed.sorted\t0.00%
611_L1P4d.bed.sorted\t0.00%
612_L1P4e.bed.sorted\t0.00%
613_L1P5.bed.sorted\t0.00%
614_L1PA10.bed.sorted\t0.00%
615_L1PA11.bed.sorted\t0.00%
616_L1PA12.bed.sorted\t0.00%
617_L1PA13.bed.sorted\t0.00%
618_L1PA14.bed.sorted\t0.00%
619_L1PA15-16.bed.sorted\t0.00%
620_L1PA15.bed.sorted\t0.00%
621_L1PA16.bed.sorted\t0.00%
622_L1PA17.bed.sorted\t0.00%
623_L1PA2.bed.sorted\t0.00%
624_L1PA3.bed.sorted\t0.00%
625_L1PA4.bed.sorted\t0.00%
626_L1PA5.bed.sorted\t0.00%
627_L1PA6.bed.sorted\t0.00%
628_L1PA7.bed.sorted\t0.00%
629_L1PA8A.bed.sorted\t0.00%
630_L1PA8.bed.sorted\t0.00%
631_L1PB1.bed.sorted\t0.00%
632_L1PB2.bed.sorted\t0.00%
633_L1PB3.bed.sorted\t0.00%
634_L1PB4.bed.sorted\t0.00%
635_L1PBa1.bed.sorted\t0.00%
636_L1PBa.bed.sorted\t0.00%
637_L1PBb.bed.sorted\t0.00%
638_L1PB.bed.sorted\t0.00%
639_L1P.bed.sorted\t0.00%
640_L1PREC2.bed.sorted\t0.00%
641_L2-1_AMi.bed.sorted\t0.00%
642_L2-3_Crp.bed.sorted\t0.00%
643_L2a.bed.sorted\t0.00%
644_L2b.bed.sorted\t0.00%
645_L2.bed.sorted\t0.00%
646_L2c.bed.sorted\t0.00%
647_L3b.bed.sorted\t0.00%
648_L3.bed.sorted\t0.00%
649_L4_A_Mam.bed.sorted\t0.00%
650_L4_B_Mam.bed.sorted\t0.00%
651_L4_C_Mam.bed.sorted\t0.00%
652_L5.bed.sorted\t0.00%
653_LFSINE_Vert.bed.sorted\t0.00%
654_Looper.bed.sorted\t0.00%
655_LOR1a.bed.sorted\t0.00%
656_LOR1b.bed.sorted\t0.00%
657_LOR1-int.bed.sorted\t0.00%
660_LTR06.bed.sorted\t0.00%
661_LTR101_Mam.bed.sorted\t0.00%
662_LTR102_Mam.bed.sorted\t0.00%
663_LTR103b_Mam.bed.sorted\t0.00%
664_LTR103_Mam.bed.sorted\t0.00%
665_LTR104_Mam.bed.sorted\t0.00%
666_LTR105_Mam.bed.sorted\t0.00%
667_LTR106_Mam.bed.sorted\t0.00%
668_LTR107_Mam.bed.sorted\t0.00%
669_LTR108e_Mam.bed.sorted\t0.00%
670_LTR10A.bed.sorted\t0.00%
671_LTR10B1.bed.sorted\t0.00%
672_LTR10B2.bed.sorted\t0.00%
673_LTR10C.bed.sorted\t0.00%
674_LTR10D.bed.sorted\t0.00%
675_LTR10E.bed.sorted\t0.00%
676_LTR10F.bed.sorted\t0.00%
677_LTR10G.bed.sorted\t0.00%
678_LTR12B.bed.sorted\t0.00%
679_LTR12_.bed.sorted\t0.00%
680_LTR12.bed.sorted\t0.00%
681_LTR12C.bed.sorted\t0.04%
682_LTR12D.bed.sorted\t0.00%
683_LTR12E.bed.sorted\t0.00%
684_LTR12F.bed.sorted\t0.00%
685_LTR13A.bed.sorted\t0.00%
686_LTR13.bed.sorted\t0.00%
687_LTR14A.bed.sorted\t0.00%
688_LTR14B.bed.sorted\t0.00%
689_LTR14C.bed.sorted\t0.00%
690_LTR15.bed.sorted\t0.00%
691_LTR16A1.bed.sorted\t0.00%
692_LTR16A2.bed.sorted\t0.00%
693_LTR16A.bed.sorted\t0.00%
694_LTR16B1.bed.sorted\t0.00%
695_LTR16B2.bed.sorted\t0.00%
696_LTR16B.bed.sorted\t0.00%
697_LTR16.bed.sorted\t0.00%
698_LTR16C.bed.sorted\t0.00%
699_LTR16D1.bed.sorted\t0.00%
700_LTR16D2.bed.sorted\t0.00%
701_LTR16D.bed.sorted\t0.00%
702_LTR16E1.bed.sorted\t0.00%
703_LTR16E2.bed.sorted\t0.00%
704_LTR17.bed.sorted\t0.00%
705_LTR18A.bed.sorted\t0.00%
706_LTR18B.bed.sorted\t0.00%
707_LTR19A.bed.sorted\t0.00%
708_LTR19B.bed.sorted\t0.00%
709_LTR19C.bed.sorted\t0.00%
710_LTR19-int.bed.sorted\t0.00%
711_LTR1A1.bed.sorted\t0.00%
712_LTR1A2.bed.sorted\t0.00%
713_LTR1B1.bed.sorted\t0.00%
714_LTR1B.bed.sorted\t0.00%
715_LTR1.bed.sorted\t0.00%
716_LTR1D1.bed.sorted\t0.00%
717_LTR1D.bed.sorted\t0.00%
718_LTR1E.bed.sorted\t0.00%
719_LTR1F1.bed.sorted\t0.00%
720_LTR1F2.bed.sorted\t0.00%
721_LTR1F.bed.sorted\t0.00%
722_LTR22A.bed.sorted\t0.00%
723_LTR22B1.bed.sorted\t0.00%
724_LTR22B.bed.sorted\t0.00%
725_LTR22.bed.sorted\t0.00%
726_LTR22C0.bed.sorted\t0.00%
727_LTR22E.bed.sorted\t0.00%
728_LTR23.bed.sorted\t0.00%
729_LTR23-int.bed.sorted\t0.00%
730_LTR24B.bed.sorted\t0.00%
731_LTR24.bed.sorted\t0.00%
732_LTR24C.bed.sorted\t0.00%
733_LTR25.bed.sorted\t0.00%
734_LTR25-int.bed.sorted\t0.00%
735_LTR26B.bed.sorted\t0.00%
736_LTR26.bed.sorted\t0.00%
737_LTR26C.bed.sorted\t0.00%
738_LTR26D.bed.sorted\t0.00%
739_LTR26E.bed.sorted\t0.00%
740_LTR2752.bed.sorted\t0.00%
741_LTR27B.bed.sorted\t0.00%
742_LTR27.bed.sorted\t0.00%
743_LTR27C.bed.sorted\t0.00%
744_LTR27D.bed.sorted\t0.00%
745_LTR27E.bed.sorted\t0.00%
746_LTR28B.bed.sorted\t0.00%
747_LTR28.bed.sorted\t0.00%
748_LTR28C.bed.sorted\t0.00%
749_LTR29.bed.sorted\t0.00%
750_LTR2B.bed.sorted\t0.00%
751_LTR2.bed.sorted\t0.00%
752_LTR2C.bed.sorted\t0.00%
753_LTR30.bed.sorted\t0.00%
754_LTR31.bed.sorted\t0.00%
755_LTR32.bed.sorted\t0.00%
756_LTR33A_.bed.sorted\t0.00%
757_LTR33A.bed.sorted\t0.00%
758_LTR33B.bed.sorted\t0.00%
759_LTR33.bed.sorted\t0.00%
760_LTR33C.bed.sorted\t0.00%
761_LTR34.bed.sorted\t0.00%
762_LTR35B.bed.sorted\t0.00%
763_LTR35.bed.sorted\t0.00%
764_LTR36.bed.sorted\t0.00%
765_LTR37A.bed.sorted\t0.00%
766_LTR37B.bed.sorted\t0.00%
767_LTR37-int.bed.sorted\t0.00%
768_LTR38A1.bed.sorted\t0.00%
769_LTR38B.bed.sorted\t0.00%
770_LTR38.bed.sorted\t0.00%
771_LTR38C.bed.sorted\t0.00%
772_LTR38-int.bed.sorted\t0.00%
773_LTR39.bed.sorted\t0.00%
774_LTR39-int.bed.sorted\t0.00%
775_LTR3A.bed.sorted\t0.00%
776_LTR3B_.bed.sorted\t0.00%
777_LTR40A1.bed.sorted\t0.00%
778_LTR40a.bed.sorted\t0.00%
779_LTR40b.bed.sorted\t0.00%
780_LTR40c.bed.sorted\t0.00%
781_LTR41B.bed.sorted\t0.00%
782_LTR41.bed.sorted\t0.00%
783_LTR41C.bed.sorted\t0.00%
784_LTR42.bed.sorted\t0.00%
785_LTR43B.bed.sorted\t0.00%
786_LTR43.bed.sorted\t0.00%
787_LTR43-int.bed.sorted\t0.00%
788_LTR44.bed.sorted\t0.00%
789_LTR45B.bed.sorted\t0.00%
790_LTR45.bed.sorted\t0.00%
791_LTR45C.bed.sorted\t0.00%
792_LTR46.bed.sorted\t0.00%
793_LTR47A2.bed.sorted\t0.00%
794_LTR47A.bed.sorted\t0.00%
795_LTR47B2.bed.sorted\t0.00%
796_LTR47B3.bed.sorted\t0.00%
797_LTR47B4.bed.sorted\t0.00%
798_LTR48B.bed.sorted\t0.00%
799_LTR48.bed.sorted\t0.00%
800_LTR49.bed.sorted\t0.00%
801_LTR49-int.bed.sorted\t0.00%
802_LTR4.bed.sorted\t0.00%
803_LTR50.bed.sorted\t0.00%
804_LTR51.bed.sorted\t0.00%
805_LTR52.bed.sorted\t0.00%
806_LTR52-int.bed.sorted\t0.00%
807_LTR53B.bed.sorted\t0.00%
808_LTR53.bed.sorted\t0.00%
809_LTR53-int.bed.sorted\t0.00%
810_LTR54B.bed.sorted\t0.00%
811_LTR54.bed.sorted\t0.00%
812_LTR55.bed.sorted\t0.00%
813_LTR56.bed.sorted\t0.00%
814_LTR57.bed.sorted\t0.00%
815_LTR57-int.bed.sorted\t0.00%
816_LTR59.bed.sorted\t0.00%
817_LTR5A.bed.sorted\t0.00%
818_LTR5B.bed.sorted\t0.00%
819_LTR5_Hs.bed.sorted\t0.00%
820_LTR60B.bed.sorted\t0.00%
821_LTR61.bed.sorted\t0.00%
822_LTR62.bed.sorted\t0.00%
823_LTR64.bed.sorted\t0.00%
824_LTR65.bed.sorted\t0.00%
825_LTR66.bed.sorted\t0.00%
826_LTR67B.bed.sorted\t0.00%
827_LTR68.bed.sorted\t0.00%
828_LTR69.bed.sorted\t0.00%
829_LTR6A.bed.sorted\t0.00%
830_LTR6B.bed.sorted\t0.00%
831_LTR70.bed.sorted\t0.00%
832_LTR71A.bed.sorted\t0.00%
833_LTR71B.bed.sorted\t0.00%
834_LTR72B.bed.sorted\t0.00%
835_LTR72.bed.sorted\t0.00%
836_LTR73.bed.sorted\t0.00%
837_LTR75_1.bed.sorted\t0.00%
838_LTR75B.bed.sorted\t0.00%
839_LTR75.bed.sorted\t0.00%
840_LTR76.bed.sorted\t0.00%
841_LTR77.bed.sorted\t0.00%
842_LTR78B.bed.sorted\t0.00%
843_LTR78.bed.sorted\t0.00%
844_LTR79.bed.sorted\t0.00%
845_LTR7B.bed.sorted\t0.00%
846_LTR7.bed.sorted\t0.00%
847_LTR7C.bed.sorted\t0.00%
848_LTR7Y.bed.sorted\t0.00%
849_LTR80A.bed.sorted\t0.00%
850_LTR80B.bed.sorted\t0.00%
851_LTR81AB.bed.sorted\t0.00%
852_LTR81A.bed.sorted\t0.00%
853_LTR81B.bed.sorted\t0.00%
854_LTR81.bed.sorted\t0.00%
855_LTR81C.bed.sorted\t0.00%
856_LTR82A.bed.sorted\t0.00%
857_LTR82B.bed.sorted\t0.00%
858_LTR83.bed.sorted\t0.00%
859_LTR84a.bed.sorted\t0.00%
85_Alu.bed.sorted\t0.00%
860_LTR84b.bed.sorted\t0.00%
861_LTR85a.bed.sorted\t0.00%
862_LTR85b.bed.sorted\t0.00%
863_LTR85c.bed.sorted\t0.00%
864_LTR86A1.bed.sorted\t0.00%
865_LTR86A2.bed.sorted\t0.00%
866_LTR86B1.bed.sorted\t0.00%
867_LTR86B2.bed.sorted\t0.00%
868_LTR86C.bed.sorted\t0.00%
869_LTR87.bed.sorted\t0.00%
86_AluJb.bed.sorted\t0.00%
870_LTR88a.bed.sorted\t0.00%
871_LTR88b.bed.sorted\t0.00%
872_LTR88c.bed.sorted\t0.00%
873_LTR89.bed.sorted\t0.00%
874_LTR8A.bed.sorted\t0.00%
875_LTR8B.bed.sorted\t0.00%
876_LTR8.bed.sorted\t0.00%
877_LTR90A.bed.sorted\t0.00%
878_LTR90B.bed.sorted\t0.00%
879_LTR91.bed.sorted\t0.00%
87_AluJo.bed.sorted\t0.00%
880_LTR9A1.bed.sorted\t0.00%
881_LTR9B.bed.sorted\t0.00%
882_LTR9.bed.sorted\t0.00%
883_LTR9C.bed.sorted\t0.00%
884_LTR9D.bed.sorted\t0.00%
885_MADE1.bed.sorted\t0.00%
886_MADE2.bed.sorted\t0.00%
887_MamGyp-int.bed.sorted\t0.00%
888_MamGypLTR1a.bed.sorted\t0.00%
889_MamGypLTR1b.bed.sorted\t0.00%
88_AluJr4.bed.sorted\t0.00%
890_MamGypLTR1c.bed.sorted\t0.00%
891_MamGypLTR1d.bed.sorted\t0.00%
892_MamGypLTR2b.bed.sorted\t0.00%
893_MamGypLTR2c.bed.sorted\t0.00%
894_MamGypLTR3a.bed.sorted\t0.00%
895_MamGypLTR3.bed.sorted\t0.00%
896_MamGypsy2-I.bed.sorted\t0.00%
897_MamGypsy2-LTR.bed.sorted\t0.00%
899_MamRep1151.bed.sorted\t0.00%
89_AluJr.bed.sorted\t0.00%
900_MamRep137.bed.sorted\t0.00%
901_MamRep1527.bed.sorted\t0.00%
902_MamRep1879.bed.sorted\t0.00%
903_MamRep1894.bed.sorted\t0.00%
904_MamRep38.bed.sorted\t0.00%
905_MamRep4096.bed.sorted\t0.00%
906_MamRep434.bed.sorted\t0.00%
907_MamRep488.bed.sorted\t0.00%
908_MamRep564.bed.sorted\t0.00%
90_AluSc5.bed.sorted\t0.00%
911_MamSINE1.bed.sorted\t0.00%
912_MamTip1.bed.sorted\t0.00%
913_MamTip2.bed.sorted\t0.00%
914_MamTip3.bed.sorted\t0.00%
915_MARNA.bed.sorted\t0.37%
916_MER101B.bed.sorted\t0.00%
917_MER101.bed.sorted\t0.00%
918_MER101-int.bed.sorted\t0.00%
919_MER102a.bed.sorted\t0.00%
91_AluSc8.bed.sorted\t0.00%
920_MER102b.bed.sorted\t0.00%
921_MER102c.bed.sorted\t0.00%
922_MER103C.bed.sorted\t0.01%
923_MER104.bed.sorted\t0.00%
924_MER105.bed.sorted\t0.00%
925_MER106A.bed.sorted\t0.00%
926_MER106B.bed.sorted\t0.00%
927_MER107.bed.sorted\t0.00%
928_MER110A.bed.sorted\t0.00%
929_MER110.bed.sorted\t0.00%
92_AluSc.bed.sorted\t0.00%
930_MER110-int.bed.sorted\t0.00%
931_MER112.bed.sorted\t0.00%
932_MER113A.bed.sorted\t0.00%
933_MER113B.bed.sorted\t0.00%
934_MER113.bed.sorted\t0.00%
935_MER115.bed.sorted\t0.00%
936_MER117.bed.sorted\t0.00%
937_MER119.bed.sorted\t0.00%
938_MER11A.bed.sorted\t0.00%
939_MER11B.bed.sorted\t0.00%
93_AluSg4.bed.sorted\t0.00%
940_MER11C.bed.sorted\t0.00%
941_MER11D.bed.sorted\t0.00%
942_MER121.bed.sorted\t0.00%
943_MER124.bed.sorted\t0.00%
944_MER125.bed.sorted\t0.00%
945_MER126.bed.sorted\t0.36%
946_MER127.bed.sorted\t0.00%
947_MER129.bed.sorted\t0.00%
948_MER130.bed.sorted\t0.00%
949_MER131.bed.sorted\t0.00%
94_AluSg7.bed.sorted\t0.00%
950_MER135.bed.sorted\t2.84%
951_MER1A.bed.sorted\t0.03%
952_MER1B.bed.sorted\t0.02%
953_MER20B.bed.sorted\t0.00%
954_MER20.bed.sorted\t0.00%
955_MER21A.bed.sorted\t0.00%
956_MER21B.bed.sorted\t0.00%
957_MER21C.bed.sorted\t0.00%
958_MER21-int.bed.sorted\t0.09%
959_MER2B.bed.sorted\t0.00%
95_AluSg.bed.sorted\t0.00%
960_MER2.bed.sorted\t0.00%
961_MER30B.bed.sorted\t0.00%
962_MER30.bed.sorted\t0.00%
963_MER31A.bed.sorted\t0.00%
964_MER31B.bed.sorted\t0.00%
965_MER31-int.bed.sorted\t0.00%
966_MER33.bed.sorted\t0.00%
967_MER34A1.bed.sorted\t0.00%
968_MER34A.bed.sorted\t0.00%
969_MER34B.bed.sorted\t0.00%
96_AluSp.bed.sorted\t0.00%
970_MER34.bed.sorted\t0.00%
971_MER34B-int.bed.sorted\t0.00%
972_MER34C2.bed.sorted\t0.00%
973_MER34C_.bed.sorted\t0.00%
974_MER34C.bed.sorted\t0.00%
975_MER34D.bed.sorted\t0.00%
976_MER34-int.bed.sorted\t0.00%
977_MER39B.bed.sorted\t0.00%
978_MER39.bed.sorted\t0.00%
979_MER3.bed.sorted\t0.28%
97_AluSq10.bed.sorted\t0.00%
980_MER41A.bed.sorted\t0.00%
981_MER41B.bed.sorted\t0.00%
982_MER41C.bed.sorted\t0.00%
983_MER41D.bed.sorted\t0.00%
984_MER41E.bed.sorted\t0.00%
985_MER41G.bed.sorted\t0.00%
986_MER41-int.bed.sorted\t0.00%
987_MER44A.bed.sorted\t0.00%
988_MER44B.bed.sorted\t0.00%
989_MER44C.bed.sorted\t0.00%
98_AluSq2.bed.sorted\t0.00%
990_MER44D.bed.sorted\t0.00%
991_MER45A.bed.sorted\t0.00%
992_MER45B.bed.sorted\t0.00%
993_MER45C.bed.sorted\t0.00%
994_MER45R.bed.sorted\t0.00%
995_MER46C.bed.sorted\t0.00%
996_MER47A.bed.sorted\t0.00%
997_MER47B.bed.sorted\t0.00%
998_MER47C.bed.sorted\t0.00%
999_MER48.bed.sorted\t0.00%
99_AluSq4.bed.sorted\t0.00%
